id	link	canonical_link
shopify_ZZ_15052395282797_53483178721645	https://roamforge.com.au/product/untitled-merch-1	https://roamforge.com.au/product/untitled-merch-1
shopify_ZZ_15052395282797_53483178754413	https://roamforge.com.au/product/untitled-merch-1	https://roamforge.com.au/product/untitled-merch-1
shopify_ZZ_15052395282797_53483178787181	https://roamforge.com.au/product/untitled-merch-1	https://roamforge.com.au/product/untitled-merch-1
shopify_ZZ_15052395282797_53483178819949	https://roamforge.com.au/product/untitled-merch-1	https://roamforge.com.au/product/untitled-merch-1
shopify_ZZ_15052395282797_53483178852717	https://roamforge.com.au/product/untitled-merch-1	https://roamforge.com.au/product/untitled-merch-1
shopify_ZZ_15052395282797_53483178885485	https://roamforge.com.au/product/untitled-merch-1	https://roamforge.com.au/product/untitled-merch-1
shopify_ZZ_15052395282797_53483178918253	https://roamforge.com.au/product/untitled-merch-1	https://roamforge.com.au/product/untitled-merch-1
shopify_ZZ_15052395282797_53483178951021	https://roamforge.com.au/product/untitled-merch-1	https://roamforge.com.au/product/untitled-merch-1
shopify_ZZ_15052395446637_53483179999597	https://roamforge.com.au/product/untitled-merch-2	https://roamforge.com.au/product/untitled-merch-2
shopify_ZZ_15052395446637_53483180032365	https://roamforge.com.au/product/untitled-merch-2	https://roamforge.com.au/product/untitled-merch-2
shopify_ZZ_15052395446637_53483180065133	https://roamforge.com.au/product/untitled-merch-2	https://roamforge.com.au/product/untitled-merch-2
shopify_ZZ_15052395446637_53483180097901	https://roamforge.com.au/product/untitled-merch-2	https://roamforge.com.au/product/untitled-merch-2
shopify_ZZ_15052395446637_53483180130669	https://roamforge.com.au/product/untitled-merch-2	https://roamforge.com.au/product/untitled-merch-2
shopify_ZZ_15052395446637_53483180163437	https://roamforge.com.au/product/untitled-merch-2	https://roamforge.com.au/product/untitled-merch-2
shopify_ZZ_15052395741549_53483183538541	https://roamforge.com.au/product/untitled-merch-3	https://roamforge.com.au/product/untitled-merch-3
shopify_ZZ_15052395872621_53483184652653	https://roamforge.com.au/product/untitled-merch-4	https://roamforge.com.au/product/untitled-merch-4
shopify_ZZ_15052395872621_53483184685421	https://roamforge.com.au/product/untitled-merch-4	https://roamforge.com.au/product/untitled-merch-4
shopify_ZZ_15052395872621_53483184718189	https://roamforge.com.au/product/untitled-merch-4	https://roamforge.com.au/product/untitled-merch-4
shopify_ZZ_15052395872621_53483184750957	https://roamforge.com.au/product/untitled-merch-4	https://roamforge.com.au/product/untitled-merch-4
shopify_ZZ_15052395872621_53483184783725	https://roamforge.com.au/product/untitled-merch-4	https://roamforge.com.au/product/untitled-merch-4
shopify_ZZ_15052395872621_53483184816493	https://roamforge.com.au/product/untitled-merch-4	https://roamforge.com.au/product/untitled-merch-4
shopify_ZZ_15052395872621_53483184849261	https://roamforge.com.au/product/untitled-merch-4	https://roamforge.com.au/product/untitled-merch-4
shopify_ZZ_15052395872621_53483185766765	https://roamforge.com.au/product/untitled-merch-4	https://roamforge.com.au/product/untitled-merch-4
shopify_ZZ_15052395872621_53483185799533	https://roamforge.com.au/product/untitled-merch-4	https://roamforge.com.au/product/untitled-merch-4
shopify_ZZ_15052395872621_53483185832301	https://roamforge.com.au/product/untitled-merch-4	https://roamforge.com.au/product/untitled-merch-4
shopify_ZZ_15052395872621_53483185865069	https://roamforge.com.au/product/untitled-merch-4	https://roamforge.com.au/product/untitled-merch-4
shopify_ZZ_15052395872621_53483185897837	https://roamforge.com.au/product/untitled-merch-4	https://roamforge.com.au/product/untitled-merch-4
shopify_ZZ_15052395872621_53483185930605	https://roamforge.com.au/product/untitled-merch-4	https://roamforge.com.au/product/untitled-merch-4
shopify_ZZ_15052395872621_53483185963373	https://roamforge.com.au/product/untitled-merch-4	https://roamforge.com.au/product/untitled-merch-4
shopify_ZZ_15052395872621_53483185996141	https://roamforge.com.au/product/untitled-merch-4	https://roamforge.com.au/product/untitled-merch-4
shopify_ZZ_15052395872621_53483186028909	https://roamforge.com.au/product/untitled-merch-4	https://roamforge.com.au/product/untitled-merch-4
shopify_ZZ_15052396003693_53483187208557	https://roamforge.com.au/product/untitled-merch-5	https://roamforge.com.au/product/untitled-merch-5
shopify_ZZ_15052396003693_53483187241325	https://roamforge.com.au/product/untitled-merch-5	https://roamforge.com.au/product/untitled-merch-5
shopify_ZZ_15052396003693_53483187274093	https://roamforge.com.au/product/untitled-merch-5	https://roamforge.com.au/product/untitled-merch-5
shopify_ZZ_15052396003693_53483187306861	https://roamforge.com.au/product/untitled-merch-5	https://roamforge.com.au/product/untitled-merch-5
shopify_ZZ_15052396003693_53483187339629	https://roamforge.com.au/product/untitled-merch-5	https://roamforge.com.au/product/untitled-merch-5
shopify_ZZ_15052396003693_53483187372397	https://roamforge.com.au/product/untitled-merch-5	https://roamforge.com.au/product/untitled-merch-5
shopify_ZZ_15052396003693_53483187405165	https://roamforge.com.au/product/untitled-merch-5	https://roamforge.com.au/product/untitled-merch-5
shopify_ZZ_15052396003693_53483187437933	https://roamforge.com.au/product/untitled-merch-5	https://roamforge.com.au/product/untitled-merch-5
shopify_ZZ_15052396003693_53483187470701	https://roamforge.com.au/product/untitled-merch-5	https://roamforge.com.au/product/untitled-merch-5
shopify_ZZ_15052396003693_53483187503469	https://roamforge.com.au/product/untitled-merch-5	https://roamforge.com.au/product/untitled-merch-5
shopify_ZZ_15052396003693_53483187536237	https://roamforge.com.au/product/untitled-merch-5	https://roamforge.com.au/product/untitled-merch-5
shopify_ZZ_15052396003693_53483187569005	https://roamforge.com.au/product/untitled-merch-5	https://roamforge.com.au/product/untitled-merch-5
shopify_ZZ_15052396003693_53483187601773	https://roamforge.com.au/product/untitled-merch-5	https://roamforge.com.au/product/untitled-merch-5
shopify_ZZ_15052396003693_53483187634541	https://roamforge.com.au/product/untitled-merch-5	https://roamforge.com.au/product/untitled-merch-5
shopify_ZZ_15052396003693_53483187667309	https://roamforge.com.au/product/untitled-merch-5	https://roamforge.com.au/product/untitled-merch-5
shopify_ZZ_15052396003693_53483187700077	https://roamforge.com.au/product/untitled-merch-5	https://roamforge.com.au/product/untitled-merch-5
shopify_ZZ_15052396003693_53483187732845	https://roamforge.com.au/product/untitled-merch-5	https://roamforge.com.au/product/untitled-merch-5
shopify_ZZ_15052396003693_53483187765613	https://roamforge.com.au/product/untitled-merch-5	https://roamforge.com.au/product/untitled-merch-5
shopify_ZZ_15052396200301_53483189567853	https://roamforge.com.au/product/untitled-merch-6	https://roamforge.com.au/product/untitled-merch-6
shopify_ZZ_15052396200301_53483189600621	https://roamforge.com.au/product/untitled-merch-6	https://roamforge.com.au/product/untitled-merch-6
shopify_ZZ_15052396200301_53483189633389	https://roamforge.com.au/product/untitled-merch-6	https://roamforge.com.au/product/untitled-merch-6
shopify_ZZ_15052396200301_53483189666157	https://roamforge.com.au/product/untitled-merch-6	https://roamforge.com.au/product/untitled-merch-6
shopify_ZZ_15052396200301_53483189698925	https://roamforge.com.au/product/untitled-merch-6	https://roamforge.com.au/product/untitled-merch-6
shopify_ZZ_15052396200301_53483189731693	https://roamforge.com.au/product/untitled-merch-6	https://roamforge.com.au/product/untitled-merch-6
shopify_ZZ_15052396200301_53483189764461	https://roamforge.com.au/product/untitled-merch-6	https://roamforge.com.au/product/untitled-merch-6
shopify_ZZ_15052396200301_53483189797229	https://roamforge.com.au/product/untitled-merch-6	https://roamforge.com.au/product/untitled-merch-6
shopify_ZZ_15052396200301_53483189829997	https://roamforge.com.au/product/untitled-merch-6	https://roamforge.com.au/product/untitled-merch-6
shopify_ZZ_15052396200301_53483189862765	https://roamforge.com.au/product/untitled-merch-6	https://roamforge.com.au/product/untitled-merch-6
shopify_ZZ_15052396200301_53483189895533	https://roamforge.com.au/product/untitled-merch-6	https://roamforge.com.au/product/untitled-merch-6
shopify_ZZ_15052396200301_53483189928301	https://roamforge.com.au/product/untitled-merch-6	https://roamforge.com.au/product/untitled-merch-6
shopify_ZZ_15052396200301_53483189961069	https://roamforge.com.au/product/untitled-merch-6	https://roamforge.com.au/product/untitled-merch-6
shopify_ZZ_15052396200301_53483189993837	https://roamforge.com.au/product/untitled-merch-6	https://roamforge.com.au/product/untitled-merch-6
shopify_ZZ_15052396200301_53483190026605	https://roamforge.com.au/product/untitled-merch-6	https://roamforge.com.au/product/untitled-merch-6
shopify_ZZ_15052396200301_53483190059373	https://roamforge.com.au/product/untitled-merch-6	https://roamforge.com.au/product/untitled-merch-6
shopify_ZZ_15052396200301_53483190092141	https://roamforge.com.au/product/untitled-merch-6	https://roamforge.com.au/product/untitled-merch-6
shopify_ZZ_15052396200301_53483190124909	https://roamforge.com.au/product/untitled-merch-6	https://roamforge.com.au/product/untitled-merch-6
shopify_ZZ_15052396200301_53483190157677	https://roamforge.com.au/product/untitled-merch-6	https://roamforge.com.au/product/untitled-merch-6
shopify_ZZ_15052396200301_53483190190445	https://roamforge.com.au/product/untitled-merch-6	https://roamforge.com.au/product/untitled-merch-6
shopify_ZZ_15052396200301_53483190223213	https://roamforge.com.au/product/untitled-merch-6	https://roamforge.com.au/product/untitled-merch-6
shopify_ZZ_15052396200301_53483190255981	https://roamforge.com.au/product/untitled-merch-6	https://roamforge.com.au/product/untitled-merch-6
shopify_ZZ_15052396200301_53483190288749	https://roamforge.com.au/product/untitled-merch-6	https://roamforge.com.au/product/untitled-merch-6
shopify_ZZ_15052396200301_53483190321517	https://roamforge.com.au/product/untitled-merch-6	https://roamforge.com.au/product/untitled-merch-6
shopify_ZZ_15052396200301_53483190354285	https://roamforge.com.au/product/untitled-merch-6	https://roamforge.com.au/product/untitled-merch-6
shopify_ZZ_15052396200301_53483190387053	https://roamforge.com.au/product/untitled-merch-6	https://roamforge.com.au/product/untitled-merch-6
shopify_ZZ_15052396200301_53483190419821	https://roamforge.com.au/product/untitled-merch-6	https://roamforge.com.au/product/untitled-merch-6
shopify_ZZ_15052396200301_53483190452589	https://roamforge.com.au/product/untitled-merch-6	https://roamforge.com.au/product/untitled-merch-6
shopify_ZZ_15052396200301_53483190485357	https://roamforge.com.au/product/untitled-merch-6	https://roamforge.com.au/product/untitled-merch-6
shopify_ZZ_15052396200301_53483190518125	https://roamforge.com.au/product/untitled-merch-6	https://roamforge.com.au/product/untitled-merch-6
shopify_ZZ_15052396200301_53483190550893	https://roamforge.com.au/product/untitled-merch-6	https://roamforge.com.au/product/untitled-merch-6
shopify_ZZ_15052396200301_53483190583661	https://roamforge.com.au/product/untitled-merch-6	https://roamforge.com.au/product/untitled-merch-6
shopify_ZZ_15052396200301_53483190616429	https://roamforge.com.au/product/untitled-merch-6	https://roamforge.com.au/product/untitled-merch-6
shopify_ZZ_15052396200301_53483190649197	https://roamforge.com.au/product/untitled-merch-6	https://roamforge.com.au/product/untitled-merch-6
shopify_ZZ_15052396200301_53483190681965	https://roamforge.com.au/product/untitled-merch-6	https://roamforge.com.au/product/untitled-merch-6
shopify_ZZ_15052396200301_53483190714733	https://roamforge.com.au/product/untitled-merch-6	https://roamforge.com.au/product/untitled-merch-6
shopify_ZZ_15052396200301_53483190747501	https://roamforge.com.au/product/untitled-merch-6	https://roamforge.com.au/product/untitled-merch-6
shopify_ZZ_15052396200301_53483190780269	https://roamforge.com.au/product/untitled-merch-6	https://roamforge.com.au/product/untitled-merch-6
shopify_ZZ_15052396200301_53483190813037	https://roamforge.com.au/product/untitled-merch-6	https://roamforge.com.au/product/untitled-merch-6
shopify_ZZ_15052396200301_53483190845805	https://roamforge.com.au/product/untitled-merch-6	https://roamforge.com.au/product/untitled-merch-6
shopify_ZZ_15052396200301_53483190878573	https://roamforge.com.au/product/untitled-merch-6	https://roamforge.com.au/product/untitled-merch-6
shopify_ZZ_15052396200301_53483190911341	https://roamforge.com.au/product/untitled-merch-6	https://roamforge.com.au/product/untitled-merch-6
shopify_ZZ_15052396200301_53483190944109	https://roamforge.com.au/product/untitled-merch-6	https://roamforge.com.au/product/untitled-merch-6
shopify_ZZ_15052396200301_53483190976877	https://roamforge.com.au/product/untitled-merch-6	https://roamforge.com.au/product/untitled-merch-6
shopify_ZZ_15052396200301_53483191009645	https://roamforge.com.au/product/untitled-merch-6	https://roamforge.com.au/product/untitled-merch-6
shopify_ZZ_15052396200301_53483191042413	https://roamforge.com.au/product/untitled-merch-6	https://roamforge.com.au/product/untitled-merch-6
shopify_ZZ_15052396200301_53483191075181	https://roamforge.com.au/product/untitled-merch-6	https://roamforge.com.au/product/untitled-merch-6
shopify_ZZ_15052396200301_53483191107949	https://roamforge.com.au/product/untitled-merch-6	https://roamforge.com.au/product/untitled-merch-6
shopify_ZZ_15052787581293_53484815122797	https://roamforge.com.au/product/n70-hilux-front-mount-intercooler-600x400	https://roamforge.com.au/product/n70-hilux-front-mount-intercooler-600x400
shopify_ZZ_15052787646829_53484815384941	https://roamforge.com.au/product/gu-patrol-radiator-shroud	https://roamforge.com.au/product/gu-patrol-radiator-shroud
shopify_ZZ_15052787679597_53484815417709	https://roamforge.com.au/product/gq-patrol-airbox	https://roamforge.com.au/product/gq-patrol-airbox
shopify_ZZ_15052787745133_53484815548781	https://roamforge.com.au/product/patrol-fuse-box-cover	https://roamforge.com.au/product/patrol-fuse-box-cover
shopify_ZZ_15052787745133_53492013957485	https://roamforge.com.au/product/patrol-fuse-box-cover	https://roamforge.com.au/product/patrol-fuse-box-cover
shopify_ZZ_15052788597101_53484817449325	https://roamforge.com.au/product/n70-hilux-airbox	https://roamforge.com.au/product/n70-hilux-airbox
shopify_ZZ_15054046036333_53492028244333	https://roamforge.com.au/product/gu-patrol-4-stainless-snorkel	https://roamforge.com.au/product/gu-patrol-4-stainless-snorkel
shopify_ZZ_15054046036333_53492028277101	https://roamforge.com.au/product/gu-patrol-4-stainless-snorkel	https://roamforge.com.au/product/gu-patrol-4-stainless-snorkel
shopify_ZZ_15054046036333_53492028309869	https://roamforge.com.au/product/gu-patrol-4-stainless-snorkel	https://roamforge.com.au/product/gu-patrol-4-stainless-snorkel
shopify_ZZ_15054046036333_53492028342637	https://roamforge.com.au/product/gu-patrol-4-stainless-snorkel	https://roamforge.com.au/product/gu-patrol-4-stainless-snorkel
shopify_ZZ_15054046069101_53492028408173	https://roamforge.com.au/product/n70-hilux-4-short-entry-snorkel	https://roamforge.com.au/product/n70-hilux-4-short-entry-snorkel
shopify_ZZ_15054046069101_53492028440941	https://roamforge.com.au/product/n70-hilux-4-short-entry-snorkel	https://roamforge.com.au/product/n70-hilux-4-short-entry-snorkel
shopify_ZZ_15054046069101_53492028473709	https://roamforge.com.au/product/n70-hilux-4-short-entry-snorkel	https://roamforge.com.au/product/n70-hilux-4-short-entry-snorkel
shopify_ZZ_15054046069101_53492028506477	https://roamforge.com.au/product/n70-hilux-4-short-entry-snorkel	https://roamforge.com.au/product/n70-hilux-4-short-entry-snorkel
shopify_ZZ_15054046134637_53492029456749	https://roamforge.com.au/product/px-ford-ranger-4-stainless-snorkel	https://roamforge.com.au/product/px-ford-ranger-4-stainless-snorkel
shopify_ZZ_15054046134637_53492029489517	https://roamforge.com.au/product/px-ford-ranger-4-stainless-snorkel	https://roamforge.com.au/product/px-ford-ranger-4-stainless-snorkel
shopify_ZZ_15054046134637_53492029522285	https://roamforge.com.au/product/px-ford-ranger-4-stainless-snorkel	https://roamforge.com.au/product/px-ford-ranger-4-stainless-snorkel
shopify_ZZ_15054046134637_53492029555053	https://roamforge.com.au/product/px-ford-ranger-4-stainless-snorkel	https://roamforge.com.au/product/px-ford-ranger-4-stainless-snorkel
shopify_ZZ_15054046167405_53492029587821	https://roamforge.com.au/product/gu-patrol-s1-4-airbox	https://roamforge.com.au/product/gu-patrol-s1-4-airbox
shopify_ZZ_15054046167405_53492029620589	https://roamforge.com.au/product/gu-patrol-s1-4-airbox	https://roamforge.com.au/product/gu-patrol-s1-4-airbox
shopify_ZZ_15054046167405_53492029653357	https://roamforge.com.au/product/gu-patrol-s1-4-airbox	https://roamforge.com.au/product/gu-patrol-s1-4-airbox
shopify_ZZ_15054046167405_53492029686125	https://roamforge.com.au/product/gu-patrol-s1-4-airbox	https://roamforge.com.au/product/gu-patrol-s1-4-airbox
shopify_ZZ_15054046167405_53492029718893	https://roamforge.com.au/product/gu-patrol-s1-4-airbox	https://roamforge.com.au/product/gu-patrol-s1-4-airbox
shopify_ZZ_15054110196077_53492272169325	https://roamforge.com.au/product/roamforge-adventure-planner-basic	https://roamforge.com.au/product/roamforge-adventure-planner-basic
shopify_ZZ_15054110261613_53492272464237	https://roamforge.com.au/product/roamforge-adventure-planner-premium	https://roamforge.com.au/product/roamforge-adventure-planner-premium
shopify_ZZ_15054110327149_53492272529773	https://roamforge.com.au/product/roamforge-adventure-planner-lifetime-bundle	https://roamforge.com.au/product/roamforge-adventure-planner-lifetime-bundle
shopify_ZZ_15054622458221_53494453633389	https://roamforge.com.au/product/aob-12v-200psi-portable-air-compressor	https://roamforge.com.au/product/aob-12v-200psi-portable-air-compressor
shopify_ZZ_15054623146349_53494455697773	https://roamforge.com.au/product/aob-12v-200psi-dual-twin-compressors-chrome-tank-kit	https://roamforge.com.au/product/aob-12v-200psi-dual-twin-compressors-chrome-tank-kit
shopify_ZZ_15054623637869_53494456189293	https://roamforge.com.au/product/aob-12v-120psi-compressor-3l-tank-universal-kit	https://roamforge.com.au/product/aob-12v-120psi-compressor-3l-tank-universal-kit
shopify_ZZ_15054623998317_53494456549741	https://roamforge.com.au/product/aob-multi-tyre-inflator-deflator-kit-with-gauge	https://roamforge.com.au/product/aob-multi-tyre-inflator-deflator-kit-with-gauge
shopify_ZZ_15054624588141_53494457237869	https://roamforge.com.au/product/aob-tyre-deflator-70psi-pressure-gauge-with-bag	https://roamforge.com.au/product/aob-tyre-deflator-70psi-pressure-gauge-with-bag
shopify_ZZ_15054626161005_53494458810733	https://roamforge.com.au/product/aob-4-universal-snorkel-pre-filter-175mm-x-125mm	https://roamforge.com.au/product/aob-4-universal-snorkel-pre-filter-175mm-x-125mm
shopify_ZZ_15054627111277_53494459761005	https://roamforge.com.au/product/aob-egr-blanking-module-plug-play	https://roamforge.com.au/product/aob-egr-blanking-module-plug-play
shopify_ZZ_15054627111277_53494459793773	https://roamforge.com.au/product/aob-egr-blanking-module-plug-play	https://roamforge.com.au/product/aob-egr-blanking-module-plug-play
shopify_ZZ_15054627111277_53494459826541	https://roamforge.com.au/product/aob-egr-blanking-module-plug-play	https://roamforge.com.au/product/aob-egr-blanking-module-plug-play
shopify_ZZ_15054627111277_53494459859309	https://roamforge.com.au/product/aob-egr-blanking-module-plug-play	https://roamforge.com.au/product/aob-egr-blanking-module-plug-play
shopify_ZZ_15054627111277_53494459892077	https://roamforge.com.au/product/aob-egr-blanking-module-plug-play	https://roamforge.com.au/product/aob-egr-blanking-module-plug-play
shopify_ZZ_15054627111277_53494459924845	https://roamforge.com.au/product/aob-egr-blanking-module-plug-play	https://roamforge.com.au/product/aob-egr-blanking-module-plug-play
shopify_ZZ_15054627111277_53494459957613	https://roamforge.com.au/product/aob-egr-blanking-module-plug-play	https://roamforge.com.au/product/aob-egr-blanking-module-plug-play
shopify_ZZ_15054627111277_53494459990381	https://roamforge.com.au/product/aob-egr-blanking-module-plug-play	https://roamforge.com.au/product/aob-egr-blanking-module-plug-play
shopify_ZZ_15054627111277_53494460023149	https://roamforge.com.au/product/aob-egr-blanking-module-plug-play	https://roamforge.com.au/product/aob-egr-blanking-module-plug-play
shopify_ZZ_15054627111277_53494460055917	https://roamforge.com.au/product/aob-egr-blanking-module-plug-play	https://roamforge.com.au/product/aob-egr-blanking-module-plug-play
shopify_ZZ_15054627111277_53494460088685	https://roamforge.com.au/product/aob-egr-blanking-module-plug-play	https://roamforge.com.au/product/aob-egr-blanking-module-plug-play
shopify_ZZ_15061391278445_53513838231917	https://roamforge.com.au/product/evc-throttle-controller	https://roamforge.com.au/product/evc-throttle-controller
shopify_ZZ_15061391278445_53513838264685	https://roamforge.com.au/product/evc-throttle-controller	https://roamforge.com.au/product/evc-throttle-controller
shopify_ZZ_15061391278445_53513838297453	https://roamforge.com.au/product/evc-throttle-controller	https://roamforge.com.au/product/evc-throttle-controller
shopify_ZZ_15061391278445_53513838330221	https://roamforge.com.au/product/evc-throttle-controller	https://roamforge.com.au/product/evc-throttle-controller
shopify_ZZ_15061391278445_53513838362989	https://roamforge.com.au/product/evc-throttle-controller	https://roamforge.com.au/product/evc-throttle-controller
shopify_ZZ_15061391278445_53513838395757	https://roamforge.com.au/product/evc-throttle-controller	https://roamforge.com.au/product/evc-throttle-controller
shopify_ZZ_15061391278445_53513838428525	https://roamforge.com.au/product/evc-throttle-controller	https://roamforge.com.au/product/evc-throttle-controller
shopify_ZZ_15061391278445_53513838461293	https://roamforge.com.au/product/evc-throttle-controller	https://roamforge.com.au/product/evc-throttle-controller
shopify_ZZ_15061391278445_53513838494061	https://roamforge.com.au/product/evc-throttle-controller	https://roamforge.com.au/product/evc-throttle-controller
shopify_ZZ_15061391278445_53513838526829	https://roamforge.com.au/product/evc-throttle-controller	https://roamforge.com.au/product/evc-throttle-controller
shopify_ZZ_15061391278445_53513838559597	https://roamforge.com.au/product/evc-throttle-controller	https://roamforge.com.au/product/evc-throttle-controller
shopify_ZZ_15061391278445_53513838592365	https://roamforge.com.au/product/evc-throttle-controller	https://roamforge.com.au/product/evc-throttle-controller
shopify_ZZ_15061391278445_53513838625133	https://roamforge.com.au/product/evc-throttle-controller	https://roamforge.com.au/product/evc-throttle-controller
shopify_ZZ_15061391278445_53513838657901	https://roamforge.com.au/product/evc-throttle-controller	https://roamforge.com.au/product/evc-throttle-controller
shopify_ZZ_15061391278445_53513838690669	https://roamforge.com.au/product/evc-throttle-controller	https://roamforge.com.au/product/evc-throttle-controller
shopify_ZZ_15061391278445_53513838723437	https://roamforge.com.au/product/evc-throttle-controller	https://roamforge.com.au/product/evc-throttle-controller
shopify_ZZ_15061391278445_53513838756205	https://roamforge.com.au/product/evc-throttle-controller	https://roamforge.com.au/product/evc-throttle-controller
shopify_ZZ_15061391278445_53513838788973	https://roamforge.com.au/product/evc-throttle-controller	https://roamforge.com.au/product/evc-throttle-controller
shopify_ZZ_15061391278445_53513838821741	https://roamforge.com.au/product/evc-throttle-controller	https://roamforge.com.au/product/evc-throttle-controller
shopify_ZZ_15061391278445_53513838854509	https://roamforge.com.au/product/evc-throttle-controller	https://roamforge.com.au/product/evc-throttle-controller
shopify_ZZ_15061391540589_53513839313261	https://roamforge.com.au/product/evcx-bluetooth-throttle-controller	https://roamforge.com.au/product/evcx-bluetooth-throttle-controller
shopify_ZZ_15061391540589_53513839346029	https://roamforge.com.au/product/evcx-bluetooth-throttle-controller	https://roamforge.com.au/product/evcx-bluetooth-throttle-controller
shopify_ZZ_15061391540589_53513839378797	https://roamforge.com.au/product/evcx-bluetooth-throttle-controller	https://roamforge.com.au/product/evcx-bluetooth-throttle-controller
shopify_ZZ_15061391540589_53513839411565	https://roamforge.com.au/product/evcx-bluetooth-throttle-controller	https://roamforge.com.au/product/evcx-bluetooth-throttle-controller
shopify_ZZ_15061391540589_53513839444333	https://roamforge.com.au/product/evcx-bluetooth-throttle-controller	https://roamforge.com.au/product/evcx-bluetooth-throttle-controller
shopify_ZZ_15061391540589_53513839477101	https://roamforge.com.au/product/evcx-bluetooth-throttle-controller	https://roamforge.com.au/product/evcx-bluetooth-throttle-controller
shopify_ZZ_15061391540589_53513839509869	https://roamforge.com.au/product/evcx-bluetooth-throttle-controller	https://roamforge.com.au/product/evcx-bluetooth-throttle-controller
shopify_ZZ_15061391540589_53513839542637	https://roamforge.com.au/product/evcx-bluetooth-throttle-controller	https://roamforge.com.au/product/evcx-bluetooth-throttle-controller
shopify_ZZ_15061391540589_53513839575405	https://roamforge.com.au/product/evcx-bluetooth-throttle-controller	https://roamforge.com.au/product/evcx-bluetooth-throttle-controller
shopify_ZZ_15061391540589_53513839608173	https://roamforge.com.au/product/evcx-bluetooth-throttle-controller	https://roamforge.com.au/product/evcx-bluetooth-throttle-controller
shopify_ZZ_15061391540589_53513839640941	https://roamforge.com.au/product/evcx-bluetooth-throttle-controller	https://roamforge.com.au/product/evcx-bluetooth-throttle-controller
shopify_ZZ_15061391540589_53513839673709	https://roamforge.com.au/product/evcx-bluetooth-throttle-controller	https://roamforge.com.au/product/evcx-bluetooth-throttle-controller
shopify_ZZ_15061391540589_53513839706477	https://roamforge.com.au/product/evcx-bluetooth-throttle-controller	https://roamforge.com.au/product/evcx-bluetooth-throttle-controller
shopify_ZZ_15061391540589_53513839739245	https://roamforge.com.au/product/evcx-bluetooth-throttle-controller	https://roamforge.com.au/product/evcx-bluetooth-throttle-controller
shopify_ZZ_15061391540589_53513839772013	https://roamforge.com.au/product/evcx-bluetooth-throttle-controller	https://roamforge.com.au/product/evcx-bluetooth-throttle-controller
shopify_ZZ_15061391540589_53513839804781	https://roamforge.com.au/product/evcx-bluetooth-throttle-controller	https://roamforge.com.au/product/evcx-bluetooth-throttle-controller
shopify_ZZ_15061391540589_53513839837549	https://roamforge.com.au/product/evcx-bluetooth-throttle-controller	https://roamforge.com.au/product/evcx-bluetooth-throttle-controller
shopify_ZZ_15061391540589_53513839870317	https://roamforge.com.au/product/evcx-bluetooth-throttle-controller	https://roamforge.com.au/product/evcx-bluetooth-throttle-controller
shopify_ZZ_15061391540589_53513839903085	https://roamforge.com.au/product/evcx-bluetooth-throttle-controller	https://roamforge.com.au/product/evcx-bluetooth-throttle-controller
shopify_ZZ_15061391540589_53513839935853	https://roamforge.com.au/product/evcx-bluetooth-throttle-controller	https://roamforge.com.au/product/evcx-bluetooth-throttle-controller
shopify_ZZ_15061525791085_53514871374189	https://roamforge.com.au/product/ultimate9-evcx-throttle-controller-nissan-patrol-y62-series-5-2019-on	https://roamforge.com.au/product/ultimate9-evcx-throttle-controller-nissan-patrol-y62-series-5-2019-on
shopify_ZZ_15061526053229_53514873700717	https://roamforge.com.au/product/ultimate9-evcx-throttle-controller-ford-ranger-px3-2018-2021	https://roamforge.com.au/product/ultimate9-evcx-throttle-controller-ford-ranger-px3-2018-2021
shopify_ZZ_15061526446445_53514875535725	https://roamforge.com.au/product/ultimate9-evcx-throttle-controller-toyota-hilux-n80-2015-2025	https://roamforge.com.au/product/ultimate9-evcx-throttle-controller-toyota-hilux-n80-2015-2025
shopify_ZZ_15061527921005_53514882220397	https://roamforge.com.au/product/ultimate9-evcx-throttle-controller-toyota-hilux-n70-2004-2015	https://roamforge.com.au/product/ultimate9-evcx-throttle-controller-toyota-hilux-n70-2004-2015
shopify_ZZ_15061528117613_53514883039597	https://roamforge.com.au/product/ultimate9-evcx-throttle-controller-nissan-patrol-y62-st-l-ti-2010-2019	https://roamforge.com.au/product/ultimate9-evcx-throttle-controller-nissan-patrol-y62-st-l-ti-2010-2019
shopify_ZZ_15061528445293_53514884546925	https://roamforge.com.au/product/ultimate9-evcx-throttle-controller-byd-shark-2024-on	https://roamforge.com.au/product/ultimate9-evcx-throttle-controller-byd-shark-2024-on
shopify_ZZ_15061529133421_53514888773997	https://roamforge.com.au/product/ultimate9-evcx-throttle-controller-toyota-hilux-n90-2025-on	https://roamforge.com.au/product/ultimate9-evcx-throttle-controller-toyota-hilux-n90-2025-on
shopify_ZZ_15061529362797_53514889888109	https://roamforge.com.au/product/ultimate9-evcx-throttle-controller-mitsubishi-triton-mr-2019-on	https://roamforge.com.au/product/ultimate9-evcx-throttle-controller-mitsubishi-triton-mr-2019-on
shopify_ZZ_15061529657709_53514891067757	https://roamforge.com.au/product/ultimate9-evcx-throttle-controller-isuzu-d-max-2012-2019	https://roamforge.com.au/product/ultimate9-evcx-throttle-controller-isuzu-d-max-2012-2019
shopify_ZZ_15061530313069_53514894508397	https://roamforge.com.au/product/ultimate9-evc-throttle-controller-gift-voucher	https://roamforge.com.au/product/ultimate9-evc-throttle-controller-gift-voucher
shopify_ZZ_15061530804589_53514897588589	https://roamforge.com.au/product/ultimate9-bluetooth-battery-monitor-lead-acid-agm-12v	https://roamforge.com.au/product/ultimate9-bluetooth-battery-monitor-lead-acid-agm-12v
shopify_ZZ_15061531066733_53514898964845	https://roamforge.com.au/product/ultimate9-bluetooth-lithium-battery-monitor-12v	https://roamforge.com.au/product/ultimate9-bluetooth-lithium-battery-monitor-12v
shopify_ZZ_15061531558253_53514901258605	https://roamforge.com.au/product/ultimate9-codebreaker-4-mode-obd2-computer	https://roamforge.com.au/product/ultimate9-codebreaker-4-mode-obd2-computer
shopify_ZZ_15061532082541_53514904600941	https://roamforge.com.au/product/ultimate9-codebreaker-handheld-obd2-scan-tool-code-reader	https://roamforge.com.au/product/ultimate9-codebreaker-handheld-obd2-scan-tool-code-reader
shopify_ZZ_15061532410221_53514906763629	https://roamforge.com.au/product/ultimate9-codebreaker-obd2-head-up-display	https://roamforge.com.au/product/ultimate9-codebreaker-obd2-head-up-display
shopify_ZZ_15061532934509_53514908959085	https://roamforge.com.au/product/ultimate9-codebreaker-gps-head-up-display	https://roamforge.com.au/product/ultimate9-codebreaker-gps-head-up-display
shopify_ZZ_15061533655405_53514913382765	https://roamforge.com.au/product/ultimate9-codebreaker-obd-hud-speedometer	https://roamforge.com.au/product/ultimate9-codebreaker-obd-hud-speedometer
shopify_ZZ_15061533917549_53514916233581	https://roamforge.com.au/product/radio-surround-with-codebreaker-4-mode-mount-landcruiser-70-2009-2023	https://roamforge.com.au/product/radio-surround-with-codebreaker-4-mode-mount-landcruiser-70-2009-2023
shopify_ZZ_15061534179693_53514917380461	https://roamforge.com.au/product/ultimate9-livetrack-stealth-gps-tracker-sim	https://roamforge.com.au/product/ultimate9-livetrack-stealth-gps-tracker-sim
shopify_ZZ_15061534572909_53514920624493	https://roamforge.com.au/product/ultimate9-led-light-bar-20-inch	https://roamforge.com.au/product/ultimate9-led-light-bar-20-inch
shopify_ZZ_15061535850861_53514924917101	https://roamforge.com.au/product/ultimate9-led-light-bar-26-inch	https://roamforge.com.au/product/ultimate9-led-light-bar-26-inch
shopify_ZZ_15061536407917_53514927276397	https://roamforge.com.au/product/ultimate9-led-light-bar-30-inch	https://roamforge.com.au/product/ultimate9-led-light-bar-30-inch
shopify_ZZ_15061536866669_53514928619885	https://roamforge.com.au/product/ultimate9-led-light-bar-40-inch	https://roamforge.com.au/product/ultimate9-led-light-bar-40-inch
shopify_ZZ_15061537358189_53514930553197	https://roamforge.com.au/product/ultimate9-led-light-bar-50-inch	https://roamforge.com.au/product/ultimate9-led-light-bar-50-inch
shopify_ZZ_15061538242925_53514933207405	https://roamforge.com.au/product/ultimate9-led-work-lamp-flush-mount	https://roamforge.com.au/product/ultimate9-led-work-lamp-flush-mount
shopify_ZZ_15061538931053_53514935402861	https://roamforge.com.au/product/ultimate9-led-work-lamp-pedestal-mount	https://roamforge.com.au/product/ultimate9-led-work-lamp-pedestal-mount
shopify_ZZ_15061539717485_53514939007341	https://roamforge.com.au/product/ultimate9-led-rock-light-blue	https://roamforge.com.au/product/ultimate9-led-rock-light-blue
shopify_ZZ_15061540241773_53514941006189	https://roamforge.com.au/product/ultimate9-auxiliary-loom-twin-output-connector	https://roamforge.com.au/product/ultimate9-auxiliary-loom-twin-output-connector
shopify_ZZ_15061540798829_53514942972269	https://roamforge.com.au/product/ultimate9-high-beam-adaptor-ford-ranger-raptor-everest-next-gen	https://roamforge.com.au/product/ultimate9-high-beam-adaptor-ford-ranger-raptor-everest-next-gen
shopify_ZZ_15061541290349_53514944676205	https://roamforge.com.au/product/ultimate9-tac-9-protection-platform	https://roamforge.com.au/product/ultimate9-tac-9-protection-platform
shopify_ZZ_15061541781869_53514946150765	https://roamforge.com.au/product/ultimate9-tac-9-tailgate-bag	https://roamforge.com.au/product/ultimate9-tac-9-tailgate-bag
shopify_ZZ_15061542273389_53514947428717	https://roamforge.com.au/product/pak-offroad-tub-tank-40l-black	https://roamforge.com.au/product/pak-offroad-tub-tank-40l-black
shopify_ZZ_15061542928749_53514949558637	https://roamforge.com.au/product/pak-offroad-wheel-arch-tank-40l-black	https://roamforge.com.au/product/pak-offroad-wheel-arch-tank-40l-black
shopify_ZZ_15061543125357_53514950181229	https://roamforge.com.au/product/pak-offroad-rak-tank-50l-black	https://roamforge.com.au/product/pak-offroad-rak-tank-50l-black
shopify_ZZ_15061545222509_53514959520109	https://roamforge.com.au/product/pak-offroad-footwell-tank-40l	https://roamforge.com.au/product/pak-offroad-footwell-tank-40l
shopify_ZZ_15061546369389_53514964664685	https://roamforge.com.au/product/ultimate9-drink-bottle-19oz-550ml	https://roamforge.com.au/product/ultimate9-drink-bottle-19oz-550ml
shopify_ZZ_15061547712877_53514973020525	https://roamforge.com.au/product/ultimate9-nudge-bar-isuzu-d-max-04-2024-on-with-parking-sensors	https://roamforge.com.au/product/ultimate9-nudge-bar-isuzu-d-max-04-2024-on-with-parking-sensors
shopify_ZZ_15061548532077_53514977706349	https://roamforge.com.au/product/ultimate9-nudge-bar-isuzu-d-max-04-2024-on-without-parking-sensors	https://roamforge.com.au/product/ultimate9-nudge-bar-isuzu-d-max-04-2024-on-without-parking-sensors
shopify_ZZ_15061549613421_53514982359405	https://roamforge.com.au/product/ultimate9-nudge-bar-byd-shark-6-2024-on	https://roamforge.com.au/product/ultimate9-nudge-bar-byd-shark-6-2024-on
shopify_ZZ_15061549875565_53514983080301	https://roamforge.com.au/product/pak-offroad-jack-base-orange	https://roamforge.com.au/product/pak-offroad-jack-base-orange
shopify_ZZ_15064334795117_53523318440301	https://roamforge.com.au/product/kinetic-recovery-rope-22mm-x-9m-22-000lbs-11t-blue	https://roamforge.com.au/product/kinetic-recovery-rope-22mm-x-9m-22-000lbs-11t-blue
shopify_ZZ_15064337580397_53523328565613	https://roamforge.com.au/product/kinetic-rope-22mm-x-9m-11t-2x-17t-soft-shackles-kit	https://roamforge.com.au/product/kinetic-rope-22mm-x-9m-11t-2x-17t-soft-shackles-kit
shopify_ZZ_15064337809773_53523329646957	https://roamforge.com.au/product/recovery-kit-2-x-blue-soft-shackles-20t-large-bag	https://roamforge.com.au/product/recovery-kit-2-x-blue-soft-shackles-20t-large-bag
shopify_ZZ_15064338006381_53523330531693	https://roamforge.com.au/product/recovery-kit-2-x-red-soft-shackles-17t-small-bag	https://roamforge.com.au/product/recovery-kit-2-x-red-soft-shackles-17t-small-bag
shopify_ZZ_15064338694509_53523346227565	https://roamforge.com.au/product/recovery-kit-2-x-blue-soft-shackles-20t-8t-snatch-ring-large-bag	https://roamforge.com.au/product/recovery-kit-2-x-blue-soft-shackles-20t-8t-snatch-ring-large-bag
shopify_ZZ_15064339153261_53523348717933	https://roamforge.com.au/product/recovery-kit-2-x-red-soft-shackles-17t-8t-snatch-ring-small-bag	https://roamforge.com.au/product/recovery-kit-2-x-red-soft-shackles-17t-8t-snatch-ring-small-bag
shopify_ZZ_15064340889965_53523358318957	https://roamforge.com.au/product/recovery-tow-points-kit-5t-wll-toyota-landcruiser-70-series-blue	https://roamforge.com.au/product/recovery-tow-points-kit-5t-wll-toyota-landcruiser-70-series-blue
shopify_ZZ_15064341643629_53523361956205	https://roamforge.com.au/product/heavy-duty-recovery-tow-points-kit-5000kg-wll-10mm-steel-orange	https://roamforge.com.au/product/heavy-duty-recovery-tow-points-kit-5000kg-wll-10mm-steel-orange
shopify_ZZ_15088507650413_53610534502765	https://roamforge.com.au/product/lightforce-beast-190-3-mode-led-driving-light	https://roamforge.com.au/product/lightforce-beast-190-3-mode-led-driving-light
shopify_ZZ_15088507715949_53610534764909	https://roamforge.com.au/product/lightforce-beast-230-3-mode-led-driving-light	https://roamforge.com.au/product/lightforce-beast-230-3-mode-led-driving-light
shopify_ZZ_15088507748717_53610534928749	https://roamforge.com.au/product/lightforce-htx2-hybrid-driving-light	https://roamforge.com.au/product/lightforce-htx2-hybrid-driving-light
shopify_ZZ_15088507814253_53610535190893	https://roamforge.com.au/product/lightforce-venom-professional-led-driving-light	https://roamforge.com.au/product/lightforce-venom-professional-led-driving-light
shopify_ZZ_15088507847021_53610535223661	https://roamforge.com.au/product/lightforce-venom-flush-mount-led-driving-light	https://roamforge.com.au/product/lightforce-venom-flush-mount-led-driving-light
shopify_ZZ_15088507912557_53610535649645	https://roamforge.com.au/product/lightforce-genesis-professional-led-driving-light	https://roamforge.com.au/product/lightforce-genesis-professional-led-driving-light
shopify_ZZ_15088507945325_53610535682413	https://roamforge.com.au/product/lightforce-genesis-professional-led-driving-light-chrome	https://roamforge.com.au/product/lightforce-genesis-professional-led-driving-light-chrome
shopify_ZZ_15088507978093_53610535715181	https://roamforge.com.au/product/lightforce-striker-professional-led-driving-light-dual-pack	https://roamforge.com.au/product/lightforce-striker-professional-led-driving-light-dual-pack
shopify_ZZ_15088529703277_53610769023341	https://roamforge.com.au/product/lightforce-night-hunter-scout-led-torch-kit	https://roamforge.com.au/product/lightforce-night-hunter-scout-led-torch-kit
shopify_ZZ_15088529736045_53610769219949	https://roamforge.com.au/product/lightforce-beast-universal-wiring-harness	https://roamforge.com.au/product/lightforce-beast-universal-wiring-harness
shopify_ZZ_15088529768813_53610769252717	https://roamforge.com.au/product/lightforce-beast-230-led-driving-light-single	https://roamforge.com.au/product/lightforce-beast-230-led-driving-light-single
shopify_ZZ_15088529801581_53610769285485	https://roamforge.com.au/product/lightforce-beast-switch-ty4-cyan	https://roamforge.com.au/product/lightforce-beast-switch-ty4-cyan
shopify_ZZ_15088529867117_53610769351021	https://roamforge.com.au/product/lightforce-blitz-240-halogen-handheld-kit	https://roamforge.com.au/product/lightforce-blitz-240-halogen-handheld-kit
shopify_ZZ_15088529899885_53610771054957	https://roamforge.com.au/product/lightforce-striker-professional-led-single	https://roamforge.com.au/product/lightforce-striker-professional-led-single
shopify_ZZ_15088529932653_53610771087725	https://roamforge.com.au/product/lightforce-switch-fascia-next-gen-ford-ranger	https://roamforge.com.au/product/lightforce-switch-fascia-next-gen-ford-ranger
shopify_ZZ_15088529965421_53610771120493	https://roamforge.com.au/product/lightforce-htx-switch-fr23-fascia	https://roamforge.com.au/product/lightforce-htx-switch-fr23-fascia
shopify_ZZ_15088529998189_53610771153261	https://roamforge.com.au/product/lightforce-lightbar-single-switch-fr23	https://roamforge.com.au/product/lightforce-lightbar-single-switch-fr23
shopify_ZZ_15088530063725_53610772005229	https://roamforge.com.au/product/lightforce-driving-lights-single-switch-fr23	https://roamforge.com.au/product/lightforce-driving-lights-single-switch-fr23
shopify_ZZ_15088530096493_53610772037997	https://roamforge.com.au/product/lightforce-beacon-single-switch-fr23	https://roamforge.com.au/product/lightforce-beacon-single-switch-fr23
shopify_ZZ_15088530162029_53610772103533	https://roamforge.com.au/product/lightforce-single-switch-next-gen-ford-fascia	https://roamforge.com.au/product/lightforce-single-switch-next-gen-ford-fascia
